"Program","Year","Period","Week Ending","Geo Level","State","State ANSI","Ag District","Ag District Code","County","County ANSI","Zip Code","Region","watershed_code","Watershed","Commodity","Data Item","Domain","Domain Category","Value","CV (%)"
"SURVEY","2024","APR","","NATIONAL","US TOTAL","","","","","","","","00000000","","EGGS","EGGS, TABLE - PRICE RECEIVED, MEASURED IN $ / DOZEN","TOTAL","NOT SPECIFIED","1.79",""
"SURVEY","2024","AUG","","NATIONAL","US TOTAL","","","","","","","","00000000","","EGGS","EGGS, TABLE - PRICE RECEIVED, MEASURED IN $ / DOZEN","TOTAL","NOT SPECIFIED","3.3",""
"SURVEY","2024","DEC","","NATIONAL","US TOTAL","","","","","","","","00000000","","EGGS","EGGS, TABLE - PRICE RECEIVED, MEASURED IN $ / DOZEN","TOTAL","NOT SPECIFIED","4.61",""
"SURVEY","2024","FEB","","NATIONAL","US TOTAL","","","","","","","","00000000","","EGGS","EGGS, TABLE - PRICE RECEIVED, MEASURED IN $ / DOZEN","TOTAL","NOT SPECIFIED","2.3",""
"SURVEY","2024","JAN","","NATIONAL","US TOTAL","","","","","","","","00000000","","EGGS","EGGS, TABLE - PRICE RECEIVED, MEASURED IN $ / DOZEN","TOTAL","NOT SPECIFIED","2.01",""
"SURVEY","2024","JUL","","NATIONAL","US TOTAL","","","","","","","","00000000","","EGGS","EGGS, TABLE - PRICE RECEIVED, MEASURED IN $ / DOZEN","TOTAL","NOT SPECIFIED","2.36",""
"SURVEY","2024","JUN","","NATIONAL","US TOTAL","","","","","","","","00000000","","EGGS","EGGS, TABLE - PRICE RECEIVED, MEASURED IN $ / DOZEN","TOTAL","NOT SPECIFIED","1.99",""
"SURVEY","2024","MAR","","NATIONAL","US TOTAL","","","","","","","","00000000","","EGGS","EGGS, TABLE - PRICE RECEIVED, MEASURED IN $ / DOZEN","TOTAL","NOT SPECIFIED","2.15",""
"SURVEY","2024","MAY","","NATIONAL","US TOTAL","","","","","","","","00000000","","EGGS","EGGS, TABLE - PRICE RECEIVED, MEASURED IN $ / DOZEN","TOTAL","NOT SPECIFIED","1.53",""
"SURVEY","2024","NOV","","NATIONAL","US TOTAL","","","","","","","","00000000","","EGGS","EGGS, TABLE - PRICE RECEIVED, MEASURED IN $ / DOZEN","TOTAL","NOT SPECIFIED","3.22",""
"SURVEY","2024","OCT","","NATIONAL","US TOTAL","","","","","","","","00000000","","EGGS","EGGS, TABLE - PRICE RECEIVED, MEASURED IN $ / DOZEN","TOTAL","NOT SPECIFIED","2.72",""
"SURVEY","2024","SEP","","NATIONAL","US TOTAL","","","","","","","","00000000","","EGGS","EGGS, TABLE - PRICE RECEIVED, MEASURED IN $ / DOZEN","TOTAL","NOT SPECIFIED","1.96",""
"SURVEY","2023","APR","","NATIONAL","US TOTAL","","","","","","","","00000000","","EGGS","EGGS, TABLE - PRICE RECEIVED, MEASURED IN $ / DOZEN","TOTAL","NOT SPECIFIED","1.25",""
"SURVEY","2023","AUG","","NATIONAL","US TOTAL","","","","","","","","00000000","","EGGS","EGGS, TABLE - PRICE RECEIVED, MEASURED IN $ / DOZEN","TOTAL","NOT SPECIFIED","1.1",""
"SURVEY","2023","DEC","","NATIONAL","US TOTAL","","","","","","","","00000000","","EGGS","EGGS, TABLE - PRICE RECEIVED, MEASURED IN $ / DOZEN","TOTAL","NOT SPECIFIED","1.71",""
"SURVEY","2023","FEB","","NATIONAL","US TOTAL","","","","","","","","00000000","","EGGS","EGGS, TABLE - PRICE RECEIVED, MEASURED IN $ / DOZEN","TOTAL","NOT SPECIFIED","2.46",""
"SURVEY","2023","JAN","","NATIONAL","US TOTAL","","","","","","","","00000000","","EGGS","EGGS, TABLE - PRICE RECEIVED, MEASURED IN $ / DOZEN","TOTAL","NOT SPECIFIED","2.92",""
"SURVEY","2023","JUL","","NATIONAL","US TOTAL","","","","","","","","00000000","","EGGS","EGGS, TABLE - PRICE RECEIVED, MEASURED IN $ / DOZEN","TOTAL","NOT SPECIFIED","0.95",""
"SURVEY","2023","JUN","","NATIONAL","US TOTAL","","","","","","","","00000000","","EGGS","EGGS, TABLE - PRICE RECEIVED, MEASURED IN $ / DOZEN","TOTAL","NOT SPECIFIED","0.973",""
"SURVEY","2023","MAR","","NATIONAL","US TOTAL","","","","","","","","00000000","","EGGS","EGGS, TABLE - PRICE RECEIVED, MEASURED IN $ / DOZEN","TOTAL","NOT SPECIFIED","2.68",""
"SURVEY","2023","MARKETING YEAR","","NATIONAL","US TOTAL","","","","","","","","00000000","","EGGS","EGGS, TABLE - PRICE RECEIVED, MEASURED IN $ / DOZEN","TOTAL","NOT SPECIFIED","1.77",""
"SURVEY","2023","MAY","","NATIONAL","US TOTAL","","","","","","","","00000000","","EGGS","EGGS, TABLE - PRICE RECEIVED, MEASURED IN $ / DOZEN","TOTAL","NOT SPECIFIED","0.743",""
"SURVEY","2023","NOV","","NATIONAL","US TOTAL","","","","","","","","00000000","","EGGS","EGGS, TABLE - PRICE RECEIVED, MEASURED IN $ / DOZEN","TOTAL","NOT SPECIFIED","1.61",""
"SURVEY","2023","OCT","","NATIONAL","US TOTAL","","","","","","","","00000000","","EGGS","EGGS, TABLE - PRICE RECEIVED, MEASURED IN $ / DOZEN","TOTAL","NOT SPECIFIED","0.927",""
"SURVEY","2023","SEP","","NATIONAL","US TOTAL","","","","","","","","00000000","","EGGS","EGGS, TABLE - PRICE RECEIVED, MEASURED IN $ / DOZEN","TOTAL","NOT SPECIFIED","0.945",""
"SURVEY","2022","APR","","NATIONAL","US TOTAL","","","","","","","","00000000","","EGGS","EGGS, TABLE - PRICE RECEIVED, MEASURED IN $ / DOZEN","TOTAL","NOT SPECIFIED","2.21",""
"SURVEY","2022","AUG","","NATIONAL","US TOTAL","","","","","","","","00000000","","EGGS","EGGS, TABLE - PRICE RECEIVED, MEASURED IN $ / DOZEN","TOTAL","NOT SPECIFIED","1.8",""
"SURVEY","2022","DEC","","NATIONAL","US TOTAL","","","","","","","","00000000","","EGGS","EGGS, TABLE - PRICE RECEIVED, MEASURED IN $ / DOZEN","TOTAL","NOT SPECIFIED","4.77",""
"SURVEY","2022","FEB","","NATIONAL","US TOTAL","","","","","","","","00000000","","EGGS","EGGS, TABLE - PRICE RECEIVED, MEASURED IN $ / DOZEN","TOTAL","NOT SPECIFIED","1.21",""
"SURVEY","2022","JAN","","NATIONAL","US TOTAL","","","","","","","","00000000","","EGGS","EGGS, TABLE - PRICE RECEIVED, MEASURED IN $ / DOZEN","TOTAL","NOT SPECIFIED","1.26",""
"SURVEY","2022","JUL","","NATIONAL","US TOTAL","","","","","","","","00000000","","EGGS","EGGS, TABLE - PRICE RECEIVED, MEASURED IN $ / DOZEN","TOTAL","NOT SPECIFIED","2.61",""
"SURVEY","2022","JUN","","NATIONAL","US TOTAL","","","","","","","","00000000","","EGGS","EGGS, TABLE - PRICE RECEIVED, MEASURED IN $ / DOZEN","TOTAL","NOT SPECIFIED","1.9",""
"SURVEY","2022","MAR","","NATIONAL","US TOTAL","","","","","","","","00000000","","EGGS","EGGS, TABLE - PRICE RECEIVED, MEASURED IN $ / DOZEN","TOTAL","NOT SPECIFIED","1.4",""
"SURVEY","2022","MARKETING YEAR","","NATIONAL","US TOTAL","","","","","","","","00000000","","EGGS","EGGS, TABLE - PRICE RECEIVED, MEASURED IN $ / DOZEN","TOTAL","NOT SPECIFIED","2.01",""
"SURVEY","2022","MAY","","NATIONAL","US TOTAL","","","","","","","","00000000","","EGGS","EGGS, TABLE - PRICE RECEIVED, MEASURED IN $ / DOZEN","TOTAL","NOT SPECIFIED","1.88",""
"SURVEY","2022","NOV","","NATIONAL","US TOTAL","","","","","","","","00000000","","EGGS","EGGS, TABLE - PRICE RECEIVED, MEASURED IN $ / DOZEN","TOTAL","NOT SPECIFIED","3.43",""
"SURVEY","2022","OCT","","NATIONAL","US TOTAL","","","","","","","","00000000","","EGGS","EGGS, TABLE - PRICE RECEIVED, MEASURED IN $ / DOZEN","TOTAL","NOT SPECIFIED","2.82",""
"SURVEY","2022","SEP","","NATIONAL","US TOTAL","","","","","","","","00000000","","EGGS","EGGS, TABLE - PRICE RECEIVED, MEASURED IN $ / DOZEN","TOTAL","NOT SPECIFIED","2.62",""
"SURVEY","2021","APR","","NATIONAL","US TOTAL","","","","","","","","00000000","","EGGS","EGGS, TABLE - PRICE RECEIVED, MEASURED IN $ / DOZEN","TOTAL","NOT SPECIFIED","0.568",""
"SURVEY","2021","AUG","","NATIONAL","US TOTAL","","","","","","","","00000000","","EGGS","EGGS, TABLE - PRICE RECEIVED, MEASURED IN $ / DOZEN","TOTAL","NOT SPECIFIED","0.824",""
"SURVEY","2021","DEC","","NATIONAL","US TOTAL","","","","","","","","00000000","","EGGS","EGGS, TABLE - PRICE RECEIVED, MEASURED IN $ / DOZEN","TOTAL","NOT SPECIFIED","1.16",""
"SURVEY","2021","FEB","","NATIONAL","US TOTAL","","","","","","","","00000000","","EGGS","EGGS, TABLE - PRICE RECEIVED, MEASURED IN $ / DOZEN","TOTAL","NOT SPECIFIED","0.735",""
"SURVEY","2021","JAN","","NATIONAL","US TOTAL","","","","","","","","00000000","","EGGS","EGGS, TABLE - PRICE RECEIVED, MEASURED IN $ / DOZEN","TOTAL","NOT SPECIFIED","0.669",""
"SURVEY","2021","JUL","","NATIONAL","US TOTAL","","","","","","","","00000000","","EGGS","EGGS, TABLE - PRICE RECEIVED, MEASURED IN $ / DOZEN","TOTAL","NOT SPECIFIED","0.578",""
"SURVEY","2021","JUN","","NATIONAL","US TOTAL","","","","","","","","00000000","","EGGS","EGGS, TABLE - PRICE RECEIVED, MEASURED IN $ / DOZEN","TOTAL","NOT SPECIFIED","0.503",""
"SURVEY","2021","MAR","","NATIONAL","US TOTAL","","","","","","","","00000000","","EGGS","EGGS, TABLE - PRICE RECEIVED, MEASURED IN $ / DOZEN","TOTAL","NOT SPECIFIED","0.907",""
"SURVEY","2021","MARKETING YEAR","","NATIONAL","US TOTAL","","","","","","","","00000000","","EGGS","EGGS, TABLE - PRICE RECEIVED, MEASURED IN $ / DOZEN","TOTAL","NOT SPECIFIED","0.667",""
"SURVEY","2021","MAY","","NATIONAL","US TOTAL","","","","","","","","00000000","","EGGS","EGGS, TABLE - PRICE RECEIVED, MEASURED IN $ / DOZEN","TOTAL","NOT SPECIFIED","0.527",""
"SURVEY","2021","NOV","","NATIONAL","US TOTAL","","","","","","","","00000000","","EGGS","EGGS, TABLE - PRICE RECEIVED, MEASURED IN $ / DOZEN","TOTAL","NOT SPECIFIED","0.845",""
"SURVEY","2021","OCT","","NATIONAL","US TOTAL","","","","","","","","00000000","","EGGS","EGGS, TABLE - PRICE RECEIVED, MEASURED IN $ / DOZEN","TOTAL","NOT SPECIFIED","0.623",""
"SURVEY","2021","SEP","","NATIONAL","US TOTAL","","","","","","","","00000000","","EGGS","EGGS, TABLE - PRICE RECEIVED, MEASURED IN $ / DOZEN","TOTAL","NOT SPECIFIED","0.77",""
"SURVEY","2020","APR","","NATIONAL","US TOTAL","","","","","","","","00000000","","EGGS","EGGS, TABLE - PRICE RECEIVED, MEASURED IN $ / DOZEN","TOTAL","NOT SPECIFIED","0.796",""
"SURVEY","2020","AUG","","NATIONAL","US TOTAL","","","","","","","","00000000","","EGGS","EGGS, TABLE - PRICE RECEIVED, MEASURED IN $ / DOZEN","TOTAL","NOT SPECIFIED","0.49",""
"SURVEY","2020","DEC","","NATIONAL","US TOTAL","","","","","","","","00000000","","EGGS","EGGS, TABLE - PRICE RECEIVED, MEASURED IN $ / DOZEN","TOTAL","NOT SPECIFIED","0.452",""
"SURVEY","2020","FEB","","NATIONAL","US TOTAL","","","","","","","","00000000","","EGGS","EGGS, TABLE - PRICE RECEIVED, MEASURED IN $ / DOZEN","TOTAL","NOT SPECIFIED","0.64",""
"SURVEY","2020","JAN","","NATIONAL","US TOTAL","","","","","","","","00000000","","EGGS","EGGS, TABLE - PRICE RECEIVED, MEASURED IN $ / DOZEN","TOTAL","NOT SPECIFIED","0.487",""
"SURVEY","2020","JUL","","NATIONAL","US TOTAL","","","","","","","","00000000","","EGGS","EGGS, TABLE - PRICE RECEIVED, MEASURED IN $ / DOZEN","TOTAL","NOT SPECIFIED","0.473",""
"SURVEY","2020","JUN","","NATIONAL","US TOTAL","","","","","","","","00000000","","EGGS","EGGS, TABLE - PRICE RECEIVED, MEASURED IN $ / DOZEN","TOTAL","NOT SPECIFIED","0.42",""
"SURVEY","2020","MAR","","NATIONAL","US TOTAL","","","","","","","","00000000","","EGGS","EGGS, TABLE - PRICE RECEIVED, MEASURED IN $ / DOZEN","TOTAL","NOT SPECIFIED","1.58",""
"SURVEY","2020","MARKETING YEAR","","NATIONAL","US TOTAL","","","","","","","","00000000","","EGGS","EGGS, TABLE - PRICE RECEIVED, MEASURED IN $ / DOZEN","TOTAL","NOT SPECIFIED","0.68",""
"SURVEY","2020","MAY","","NATIONAL","US TOTAL","","","","","","","","00000000","","EGGS","EGGS, TABLE - PRICE RECEIVED, MEASURED IN $ / DOZEN","TOTAL","NOT SPECIFIED","0.486",""
"SURVEY","2020","NOV","","NATIONAL","US TOTAL","","","","","","","","00000000","","EGGS","EGGS, TABLE - PRICE RECEIVED, MEASURED IN $ / DOZEN","TOTAL","NOT SPECIFIED","0.725",""
"SURVEY","2020","OCT","","NATIONAL","US TOTAL","","","","","","","","00000000","","EGGS","EGGS, TABLE - PRICE RECEIVED, MEASURED IN $ / DOZEN","TOTAL","NOT SPECIFIED","0.75",""
"SURVEY","2020","SEP","","NATIONAL","US TOTAL","","","","","","","","00000000","","EGGS","EGGS, TABLE - PRICE RECEIVED, MEASURED IN $ / DOZEN","TOTAL","NOT SPECIFIED","0.555",""
"SURVEY","2019","APR","","NATIONAL","US TOTAL","","","","","","","","00000000","","EGGS","EGGS, TABLE - PRICE RECEIVED, MEASURED IN $ / DOZEN","TOTAL","NOT SPECIFIED","0.351",""
"SURVEY","2019","AUG","","NATIONAL","US TOTAL","","","","","","","","00000000","","EGGS","EGGS, TABLE - PRICE RECEIVED, MEASURED IN $ / DOZEN","TOTAL","NOT SPECIFIED","0.568",""
"SURVEY","2019","DEC","","NATIONAL","US TOTAL","","","","","","","","00000000","","EGGS","EGGS, TABLE - PRICE RECEIVED, MEASURED IN $ / DOZEN","TOTAL","NOT SPECIFIED","0.715",""
"SURVEY","2019","FEB","","NATIONAL","US TOTAL","","","","","","","","00000000","","EGGS","EGGS, TABLE - PRICE RECEIVED, MEASURED IN $ / DOZEN","TOTAL","NOT SPECIFIED","0.663",""
"SURVEY","2019","JAN","","NATIONAL","US TOTAL","","","","","","","","00000000","","EGGS","EGGS, TABLE - PRICE RECEIVED, MEASURED IN $ / DOZEN","TOTAL","NOT SPECIFIED","0.776",""
"SURVEY","2019","JUL","","NATIONAL","US TOTAL","","","","","","","","00000000","","EGGS","EGGS, TABLE - PRICE RECEIVED, MEASURED IN $ / DOZEN","TOTAL","NOT SPECIFIED","0.219",""
"SURVEY","2019","JUN","","NATIONAL","US TOTAL","","","","","","","","00000000","","EGGS","EGGS, TABLE - PRICE RECEIVED, MEASURED IN $ / DOZEN","TOTAL","NOT SPECIFIED","0.389",""
"SURVEY","2019","MAR","","NATIONAL","US TOTAL","","","","","","","","00000000","","EGGS","EGGS, TABLE - PRICE RECEIVED, MEASURED IN $ / DOZEN","TOTAL","NOT SPECIFIED","0.584",""
"SURVEY","2019","MARKETING YEAR","","NATIONAL","US TOTAL","","","","","","","","00000000","","EGGS","EGGS, TABLE - PRICE RECEIVED, MEASURED IN $ / DOZEN","TOTAL","NOT SPECIFIED","0.537",""
"SURVEY","2019","MAY","","NATIONAL","US TOTAL","","","","","","","","00000000","","EGGS","EGGS, TABLE - PRICE RECEIVED, MEASURED IN $ / DOZEN","TOTAL","NOT SPECIFIED","0.197",""
"SURVEY","2019","NOV","","NATIONAL","US TOTAL","","","","","","","","00000000","","EGGS","EGGS, TABLE - PRICE RECEIVED, MEASURED IN $ / DOZEN","TOTAL","NOT SPECIFIED","0.919",""
"SURVEY","2019","OCT","","NATIONAL","US TOTAL","","","","","","","","00000000","","EGGS","EGGS, TABLE - PRICE RECEIVED, MEASURED IN $ / DOZEN","TOTAL","NOT SPECIFIED","0.43",""
"SURVEY","2019","SEP","","NATIONAL","US TOTAL","","","","","","","","00000000","","EGGS","EGGS, TABLE - PRICE RECEIVED, MEASURED IN $ / DOZEN","TOTAL","NOT SPECIFIED","0.446",""
"SURVEY","2018","APR","","NATIONAL","US TOTAL","","","","","","","","00000000","","EGGS","EGGS, TABLE - PRICE RECEIVED, MEASURED IN $ / DOZEN","TOTAL","NOT SPECIFIED","0.971",""
"SURVEY","2018","AUG","","NATIONAL","US TOTAL","","","","","","","","00000000","","EGGS","EGGS, TABLE - PRICE RECEIVED, MEASURED IN $ / DOZEN","TOTAL","NOT SPECIFIED","0.797",""
"SURVEY","2018","DEC","","NATIONAL","US TOTAL","","","","","","","","00000000","","EGGS","EGGS, TABLE - PRICE RECEIVED, MEASURED IN $ / DOZEN","TOTAL","NOT SPECIFIED","0.886",""
"SURVEY","2018","FEB","","NATIONAL","US TOTAL","","","","","","","","00000000","","EGGS","EGGS, TABLE - PRICE RECEIVED, MEASURED IN $ / DOZEN","TOTAL","NOT SPECIFIED","1.16",""
"SURVEY","2018","JAN","","NATIONAL","US TOTAL","","","","","","","","00000000","","EGGS","EGGS, TABLE - PRICE RECEIVED, MEASURED IN $ / DOZEN","TOTAL","NOT SPECIFIED","0.964",""
"SURVEY","2018","JUL","","NATIONAL","US TOTAL","","","","","","","","00000000","","EGGS","EGGS, TABLE - PRICE RECEIVED, MEASURED IN $ / DOZEN","TOTAL","NOT SPECIFIED","0.841",""
"SURVEY","2018","JUN","","NATIONAL","US TOTAL","","","","","","","","00000000","","EGGS","EGGS, TABLE - PRICE RECEIVED, MEASURED IN $ / DOZEN","TOTAL","NOT SPECIFIED","0.707",""
"SURVEY","2018","MAR","","NATIONAL","US TOTAL","","","","","","","","00000000","","EGGS","EGGS, TABLE - PRICE RECEIVED, MEASURED IN $ / DOZEN","TOTAL","NOT SPECIFIED","1.81",""
"SURVEY","2018","MAY","","NATIONAL","US TOTAL","","","","","","","","00000000","","EGGS","EGGS, TABLE - PRICE RECEIVED, MEASURED IN $ / DOZEN","TOTAL","NOT SPECIFIED","0.615",""
"SURVEY","2018","NOV","","NATIONAL","US TOTAL","","","","","","","","00000000","","EGGS","EGGS, TABLE - PRICE RECEIVED, MEASURED IN $ / DOZEN","TOTAL","NOT SPECIFIED","0.884",""
"SURVEY","2018","OCT","","NATIONAL","US TOTAL","","","","","","","","00000000","","EGGS","EGGS, TABLE - PRICE RECEIVED, MEASURED IN $ / DOZEN","TOTAL","NOT SPECIFIED","0.74",""
"SURVEY","2018","SEP","","NATIONAL","US TOTAL","","","","","","","","00000000","","EGGS","EGGS, TABLE - PRICE RECEIVED, MEASURED IN $ / DOZEN","TOTAL","NOT SPECIFIED","0.688",""
"SURVEY","2017","APR","","NATIONAL","US TOTAL","","","","","","","","00000000","","EGGS","EGGS, TABLE - PRICE RECEIVED, MEASURED IN $ / DOZEN","TOTAL","NOT SPECIFIED","0.376",""
"SURVEY","2017","AUG","","NATIONAL","US TOTAL","","","","","","","","00000000","","EGGS","EGGS, TABLE - PRICE RECEIVED, MEASURED IN $ / DOZEN","TOTAL","NOT SPECIFIED","0.504",""
"SURVEY","2017","DEC","","NATIONAL","US TOTAL","","","","","","","","00000000","","EGGS","EGGS, TABLE - PRICE RECEIVED, MEASURED IN $ / DOZEN","TOTAL","NOT SPECIFIED","1.13",""
"SURVEY","2017","FEB","","NATIONAL","US TOTAL","","","","","","","","00000000","","EGGS","EGGS, TABLE - PRICE RECEIVED, MEASURED IN $ / DOZEN","TOTAL","NOT SPECIFIED","0.371",""
"SURVEY","2017","JAN","","NATIONAL","US TOTAL","","","","","","","","00000000","","EGGS","EGGS, TABLE - PRICE RECEIVED, MEASURED IN $ / DOZEN","TOTAL","NOT SPECIFIED","0.572",""
"SURVEY","2017","JUL","","NATIONAL","US TOTAL","","","","","","","","00000000","","EGGS","EGGS, TABLE - PRICE RECEIVED, MEASURED IN $ / DOZEN","TOTAL","NOT SPECIFIED","0.589",""
"SURVEY","2017","JUN","","NATIONAL","US TOTAL","","","","","","","","00000000","","EGGS","EGGS, TABLE - PRICE RECEIVED, MEASURED IN $ / DOZEN","TOTAL","NOT SPECIFIED","0.375",""
"SURVEY","2017","MAR","","NATIONAL","US TOTAL","","","","","","","","00000000","","EGGS","EGGS, TABLE - PRICE RECEIVED, MEASURED IN $ / DOZEN","TOTAL","NOT SPECIFIED","0.555",""
"SURVEY","2017","MAY","","NATIONAL","US TOTAL","","","","","","","","00000000","","EGGS","EGGS, TABLE - PRICE RECEIVED, MEASURED IN $ / DOZEN","TOTAL","NOT SPECIFIED","0.358",""
"SURVEY","2017","NOV","","NATIONAL","US TOTAL","","","","","","","","00000000","","EGGS","EGGS, TABLE - PRICE RECEIVED, MEASURED IN $ / DOZEN","TOTAL","NOT SPECIFIED","1.23",""
"SURVEY","2017","OCT","","NATIONAL","US TOTAL","","","","","","","","00000000","","EGGS","EGGS, TABLE - PRICE RECEIVED, MEASURED IN $ / DOZEN","TOTAL","NOT SPECIFIED","0.68",""
"SURVEY","2017","SEP","","NATIONAL","US TOTAL","","","","","","","","00000000","","EGGS","EGGS, TABLE - PRICE RECEIVED, MEASURED IN $ / DOZEN","TOTAL","NOT SPECIFIED","0.9",""
"SURVEY","2016","APR","","NATIONAL","US TOTAL","","","","","","","","00000000","","EGGS","EGGS, TABLE - PRICE RECEIVED, MEASURED IN $ / DOZEN","TOTAL","NOT SPECIFIED","0.391",""
"SURVEY","2016","AUG","","NATIONAL","US TOTAL","","","","","","","","00000000","","EGGS","EGGS, TABLE - PRICE RECEIVED, MEASURED IN $ / DOZEN","TOTAL","NOT SPECIFIED","0.369",""
"SURVEY","2016","DEC","","NATIONAL","US TOTAL","","","","","","","","00000000","","EGGS","EGGS, TABLE - PRICE RECEIVED, MEASURED IN $ / DOZEN","TOTAL","NOT SPECIFIED","1.02",""
"SURVEY","2016","FEB","","NATIONAL","US TOTAL","","","","","","","","00000000","","EGGS","EGGS, TABLE - PRICE RECEIVED, MEASURED IN $ / DOZEN","TOTAL","NOT SPECIFIED","0.85",""
"SURVEY","2016","JAN","","NATIONAL","US TOTAL","","","","","","","","00000000","","EGGS","EGGS, TABLE - PRICE RECEIVED, MEASURED IN $ / DOZEN","TOTAL","NOT SPECIFIED","0.969",""
"SURVEY","2016","JUL","","NATIONAL","US TOTAL","","","","","","","","00000000","","EGGS","EGGS, TABLE - PRICE RECEIVED, MEASURED IN $ / DOZEN","TOTAL","NOT SPECIFIED","0.361",""
"SURVEY","2016","JUN","","NATIONAL","US TOTAL","","","","","","","","00000000","","EGGS","EGGS, TABLE - PRICE RECEIVED, MEASURED IN $ / DOZEN","TOTAL","NOT SPECIFIED","0.231",""
"SURVEY","2016","MAR","","NATIONAL","US TOTAL","","","","","","","","00000000","","EGGS","EGGS, TABLE - PRICE RECEIVED, MEASURED IN $ / DOZEN","TOTAL","NOT SPECIFIED","0.731",""
"SURVEY","2016","MAY","","NATIONAL","US TOTAL","","","","","","","","00000000","","EGGS","EGGS, TABLE - PRICE RECEIVED, MEASURED IN $ / DOZEN","TOTAL","NOT SPECIFIED","0.242",""
"SURVEY","2016","NOV","","NATIONAL","US TOTAL","","","","","","","","00000000","","EGGS","EGGS, TABLE - PRICE RECEIVED, MEASURED IN $ / DOZEN","TOTAL","NOT SPECIFIED","0.308",""
"SURVEY","2016","OCT","","NATIONAL","US TOTAL","","","","","","","","00000000","","EGGS","EGGS, TABLE - PRICE RECEIVED, MEASURED IN $ / DOZEN","TOTAL","NOT SPECIFIED","0.215",""
"SURVEY","2016","SEP","","NATIONAL","US TOTAL","","","","","","","","00000000","","EGGS","EGGS, TABLE - PRICE RECEIVED, MEASURED IN $ / DOZEN","TOTAL","NOT SPECIFIED","0.316",""
"SURVEY","2015","APR","","NATIONAL","US TOTAL","","","","","","","","00000000","","EGGS","EGGS, TABLE - PRICE RECEIVED, MEASURED IN $ / DOZEN","TOTAL","NOT SPECIFIED","0.87",""
"SURVEY","2015","AUG","","NATIONAL","US TOTAL","","","","","","","","00000000","","EGGS","EGGS, TABLE - PRICE RECEIVED, MEASURED IN $ / DOZEN","TOTAL","NOT SPECIFIED","2.38",""
"SURVEY","2015","DEC","","NATIONAL","US TOTAL","","","","","","","","00000000","","EGGS","EGGS, TABLE - PRICE RECEIVED, MEASURED IN $ / DOZEN","TOTAL","NOT SPECIFIED","1.04",""
"SURVEY","2015","FEB","","NATIONAL","US TOTAL","","","","","","","","00000000","","EGGS","EGGS, TABLE - PRICE RECEIVED, MEASURED IN $ / DOZEN","TOTAL","NOT SPECIFIED","1.11",""
"SURVEY","2015","JAN","","NATIONAL","US TOTAL","","","","","","","","00000000","","EGGS","EGGS, TABLE - PRICE RECEIVED, MEASURED IN $ / DOZEN","TOTAL","NOT SPECIFIED","1.06",""
"SURVEY","2015","JUL","","NATIONAL","US TOTAL","","","","","","","","00000000","","EGGS","EGGS, TABLE - PRICE RECEIVED, MEASURED IN $ / DOZEN","TOTAL","NOT SPECIFIED","1.81",""
"SURVEY","2015","JUN","","NATIONAL","US TOTAL","","","","","","","","00000000","","EGGS","EGGS, TABLE - PRICE RECEIVED, MEASURED IN $ / DOZEN","TOTAL","NOT SPECIFIED","1.92",""
"SURVEY","2015","MAR","","NATIONAL","US TOTAL","","","","","","","","00000000","","EGGS","EGGS, TABLE - PRICE RECEIVED, MEASURED IN $ / DOZEN","TOTAL","NOT SPECIFIED","1.41",""
"SURVEY","2015","MAY","","NATIONAL","US TOTAL","","","","","","","","00000000","","EGGS","EGGS, TABLE - PRICE RECEIVED, MEASURED IN $ / DOZEN","TOTAL","NOT SPECIFIED","1.61",""
"SURVEY","2015","NOV","","NATIONAL","US TOTAL","","","","","","","","00000000","","EGGS","EGGS, TABLE - PRICE RECEIVED, MEASURED IN $ / DOZEN","TOTAL","NOT SPECIFIED","1.93",""
"SURVEY","2015","OCT","","NATIONAL","US TOTAL","","","","","","","","00000000","","EGGS","EGGS, TABLE - PRICE RECEIVED, MEASURED IN $ / DOZEN","TOTAL","NOT SPECIFIED","1.26",""
"SURVEY","2015","SEP","","NATIONAL","US TOTAL","","","","","","","","00000000","","EGGS","EGGS, TABLE - PRICE RECEIVED, MEASURED IN $ / DOZEN","TOTAL","NOT SPECIFIED","1.8",""
"SURVEY","2014","APR","","NATIONAL","US TOTAL","","","","","","","","00000000","","EGGS","EGGS, TABLE - PRICE RECEIVED, MEASURED IN $ / DOZEN","TOTAL","NOT SPECIFIED","1.09",""
"SURVEY","2014","AUG","","NATIONAL","US TOTAL","","","","","","","","00000000","","EGGS","EGGS, TABLE - PRICE RECEIVED, MEASURED IN $ / DOZEN","TOTAL","NOT SPECIFIED","0.861",""
"SURVEY","2014","DEC","","NATIONAL","US TOTAL","","","","","","","","00000000","","EGGS","EGGS, TABLE - PRICE RECEIVED, MEASURED IN $ / DOZEN","TOTAL","NOT SPECIFIED","1.65",""
"SURVEY","2014","FEB","","NATIONAL","US TOTAL","","","","","","","","00000000","","EGGS","EGGS, TABLE - PRICE RECEIVED, MEASURED IN $ / DOZEN","TOTAL","NOT SPECIFIED","1.23",""
"SURVEY","2014","JAN","","NATIONAL","US TOTAL","","","","","","","","00000000","","EGGS","EGGS, TABLE - PRICE RECEIVED, MEASURED IN $ / DOZEN","TOTAL","NOT SPECIFIED","0.906",""
"SURVEY","2014","JUL","","NATIONAL","US TOTAL","","","","","","","","00000000","","EGGS","EGGS, TABLE - PRICE RECEIVED, MEASURED IN $ / DOZEN","TOTAL","NOT SPECIFIED","1.05",""
"SURVEY","2014","JUN","","NATIONAL","US TOTAL","","","","","","","","00000000","","EGGS","EGGS, TABLE - PRICE RECEIVED, MEASURED IN $ / DOZEN","TOTAL","NOT SPECIFIED","0.873",""
"SURVEY","2014","MAR","","NATIONAL","US TOTAL","","","","","","","","00000000","","EGGS","EGGS, TABLE - PRICE RECEIVED, MEASURED IN $ / DOZEN","TOTAL","NOT SPECIFIED","1.04",""
"SURVEY","2014","MAY","","NATIONAL","US TOTAL","","","","","","","","00000000","","EGGS","EGGS, TABLE - PRICE RECEIVED, MEASURED IN $ / DOZEN","TOTAL","NOT SPECIFIED","0.97",""
"SURVEY","2014","NOV","","NATIONAL","US TOTAL","","","","","","","","00000000","","EGGS","EGGS, TABLE - PRICE RECEIVED, MEASURED IN $ / DOZEN","TOTAL","NOT SPECIFIED","1.37",""
"SURVEY","2014","OCT","","NATIONAL","US TOTAL","","","","","","","","00000000","","EGGS","EGGS, TABLE - PRICE RECEIVED, MEASURED IN $ / DOZEN","TOTAL","NOT SPECIFIED","0.934",""
"SURVEY","2014","SEP","","NATIONAL","US TOTAL","","","","","","","","00000000","","EGGS","EGGS, TABLE - PRICE RECEIVED, MEASURED IN $ / DOZEN","TOTAL","NOT SPECIFIED","0.824",""
"SURVEY","2013","APR","","NATIONAL","US TOTAL","","","","","","","","00000000","","EGGS","EGGS, TABLE - PRICE RECEIVED, MEASURED IN $ / DOZEN","TOTAL","NOT SPECIFIED","0.644",""
"SURVEY","2013","AUG","","NATIONAL","US TOTAL","","","","","","","","00000000","","EGGS","EGGS, TABLE - PRICE RECEIVED, MEASURED IN $ / DOZEN","TOTAL","NOT SPECIFIED","0.87",""
"SURVEY","2013","DEC","","NATIONAL","US TOTAL","","","","","","","","00000000","","EGGS","EGGS, TABLE - PRICE RECEIVED, MEASURED IN $ / DOZEN","TOTAL","NOT SPECIFIED","1.21",""
"SURVEY","2013","FEB","","NATIONAL","US TOTAL","","","","","","","","00000000","","EGGS","EGGS, TABLE - PRICE RECEIVED, MEASURED IN $ / DOZEN","TOTAL","NOT SPECIFIED","0.776",""
"SURVEY","2013","JAN","","NATIONAL","US TOTAL","","","","","","","","00000000","","EGGS","EGGS, TABLE - PRICE RECEIVED, MEASURED IN $ / DOZEN","TOTAL","NOT SPECIFIED","0.863",""
"SURVEY","2013","JUL","","NATIONAL","US TOTAL","","","","","","","","00000000","","EGGS","EGGS, TABLE - PRICE RECEIVED, MEASURED IN $ / DOZEN","TOTAL","NOT SPECIFIED","0.82",""
"SURVEY","2013","JUN","","NATIONAL","US TOTAL","","","","","","","","00000000","","EGGS","EGGS, TABLE - PRICE RECEIVED, MEASURED IN $ / DOZEN","TOTAL","NOT SPECIFIED","0.695",""
"SURVEY","2013","MAR","","NATIONAL","US TOTAL","","","","","","","","00000000","","EGGS","EGGS, TABLE - PRICE RECEIVED, MEASURED IN $ / DOZEN","TOTAL","NOT SPECIFIED","0.952",""
"SURVEY","2013","MAY","","NATIONAL","US TOTAL","","","","","","","","00000000","","EGGS","EGGS, TABLE - PRICE RECEIVED, MEASURED IN $ / DOZEN","TOTAL","NOT SPECIFIED","0.976",""
"SURVEY","2013","NOV","","NATIONAL","US TOTAL","","","","","","","","00000000","","EGGS","EGGS, TABLE - PRICE RECEIVED, MEASURED IN $ / DOZEN","TOTAL","NOT SPECIFIED","1.16",""
"SURVEY","2013","OCT","","NATIONAL","US TOTAL","","","","","","","","00000000","","EGGS","EGGS, TABLE - PRICE RECEIVED, MEASURED IN $ / DOZEN","TOTAL","NOT SPECIFIED","0.836",""
"SURVEY","2013","SEP","","NATIONAL","US TOTAL","","","","","","","","00000000","","EGGS","EGGS, TABLE - PRICE RECEIVED, MEASURED IN $ / DOZEN","TOTAL","NOT SPECIFIED","0.823",""
"SURVEY","2012","APR","","NATIONAL","US TOTAL","","","","","","","","00000000","","EGGS","EGGS, TABLE - PRICE RECEIVED, MEASURED IN $ / DOZEN","TOTAL","NOT SPECIFIED","0.641",""
"SURVEY","2012","AUG","","NATIONAL","US TOTAL","","","","","","","","00000000","","EGGS","EGGS, TABLE - PRICE RECEIVED, MEASURED IN $ / DOZEN","TOTAL","NOT SPECIFIED","0.949",""
"SURVEY","2012","DEC","","NATIONAL","US TOTAL","","","","","","","","00000000","","EGGS","EGGS, TABLE - PRICE RECEIVED, MEASURED IN $ / DOZEN","TOTAL","NOT SPECIFIED","0.957",""
"SURVEY","2012","FEB","","NATIONAL","US TOTAL","","","","","","","","00000000","","EGGS","EGGS, TABLE - PRICE RECEIVED, MEASURED IN $ / DOZEN","TOTAL","NOT SPECIFIED","0.669",""
"SURVEY","2012","JAN","","NATIONAL","US TOTAL","","","","","","","","00000000","","EGGS","EGGS, TABLE - PRICE RECEIVED, MEASURED IN $ / DOZEN","TOTAL","NOT SPECIFIED","0.667",""
"SURVEY","2012","JUL","","NATIONAL","US TOTAL","","","","","","","","00000000","","EGGS","EGGS, TABLE - PRICE RECEIVED, MEASURED IN $ / DOZEN","TOTAL","NOT SPECIFIED","0.764",""
"SURVEY","2012","JUN","","NATIONAL","US TOTAL","","","","","","","","00000000","","EGGS","EGGS, TABLE - PRICE RECEIVED, MEASURED IN $ / DOZEN","TOTAL","NOT SPECIFIED","0.688",""
"SURVEY","2012","MAR","","NATIONAL","US TOTAL","","","","","","","","00000000","","EGGS","EGGS, TABLE - PRICE RECEIVED, MEASURED IN $ / DOZEN","TOTAL","NOT SPECIFIED","0.792",""
"SURVEY","2012","MAY","","NATIONAL","US TOTAL","","","","","","","","00000000","","EGGS","EGGS, TABLE - PRICE RECEIVED, MEASURED IN $ / DOZEN","TOTAL","NOT SPECIFIED","0.596",""
"SURVEY","2012","NOV","","NATIONAL","US TOTAL","","","","","","","","00000000","","EGGS","EGGS, TABLE - PRICE RECEIVED, MEASURED IN $ / DOZEN","TOTAL","NOT SPECIFIED","1.02",""
"SURVEY","2012","OCT","","NATIONAL","US TOTAL","","","","","","","","00000000","","EGGS","EGGS, TABLE - PRICE RECEIVED, MEASURED IN $ / DOZEN","TOTAL","NOT SPECIFIED","0.837",""
"SURVEY","2012","SEP","","NATIONAL","US TOTAL","","","","","","","","00000000","","EGGS","EGGS, TABLE - PRICE RECEIVED, MEASURED IN $ / DOZEN","TOTAL","NOT SPECIFIED","1.06",""
"SURVEY","2011","APR","","NATIONAL","US TOTAL","","","","","","","","00000000","","EGGS","EGGS, TABLE - PRICE RECEIVED, MEASURED IN $ / DOZEN","TOTAL","NOT SPECIFIED","0.888",""
"SURVEY","2011","AUG","","NATIONAL","US TOTAL","","","","","","","","00000000","","EGGS","EGGS, TABLE - PRICE RECEIVED, MEASURED IN $ / DOZEN","TOTAL","NOT SPECIFIED","0.991",""
"SURVEY","2011","DEC","","NATIONAL","US TOTAL","","","","","","","","00000000","","EGGS","EGGS, TABLE - PRICE RECEIVED, MEASURED IN $ / DOZEN","TOTAL","NOT SPECIFIED","1.1",""
"SURVEY","2011","FEB","","NATIONAL","US TOTAL","","","","","","","","00000000","","EGGS","EGGS, TABLE - PRICE RECEIVED, MEASURED IN $ / DOZEN","TOTAL","NOT SPECIFIED","0.776",""
"SURVEY","2011","JAN","","NATIONAL","US TOTAL","","","","","","","","00000000","","EGGS","EGGS, TABLE - PRICE RECEIVED, MEASURED IN $ / DOZEN","TOTAL","NOT SPECIFIED","0.66",""
"SURVEY","2011","JUL","","NATIONAL","US TOTAL","","","","","","","","00000000","","EGGS","EGGS, TABLE - PRICE RECEIVED, MEASURED IN $ / DOZEN","TOTAL","NOT SPECIFIED","0.684",""
"SURVEY","2011","JUN","","NATIONAL","US TOTAL","","","","","","","","00000000","","EGGS","EGGS, TABLE - PRICE RECEIVED, MEASURED IN $ / DOZEN","TOTAL","NOT SPECIFIED","0.687",""
"SURVEY","2011","MAR","","NATIONAL","US TOTAL","","","","","","","","00000000","","EGGS","EGGS, TABLE - PRICE RECEIVED, MEASURED IN $ / DOZEN","TOTAL","NOT SPECIFIED","0.654",""
"SURVEY","2011","MAY","","NATIONAL","US TOTAL","","","","","","","","00000000","","EGGS","EGGS, TABLE - PRICE RECEIVED, MEASURED IN $ / DOZEN","TOTAL","NOT SPECIFIED","0.622",""
"SURVEY","2011","NOV","","NATIONAL","US TOTAL","","","","","","","","00000000","","EGGS","EGGS, TABLE - PRICE RECEIVED, MEASURED IN $ / DOZEN","TOTAL","NOT SPECIFIED","0.862",""
"SURVEY","2011","OCT","","NATIONAL","US TOTAL","","","","","","","","00000000","","EGGS","EGGS, TABLE - PRICE RECEIVED, MEASURED IN $ / DOZEN","TOTAL","NOT SPECIFIED","0.857",""
"SURVEY","2011","SEP","","NATIONAL","US TOTAL","","","","","","","","00000000","","EGGS","EGGS, TABLE - PRICE RECEIVED, MEASURED IN $ / DOZEN","TOTAL","NOT SPECIFIED","0.769",""
"SURVEY","2010","APR","","NATIONAL","US TOTAL","","","","","","","","00000000","","EGGS","EGGS, TABLE - PRICE RECEIVED, MEASURED IN $ / DOZEN","TOTAL","NOT SPECIFIED","0.6",""
"SURVEY","2010","AUG","","NATIONAL","US TOTAL","","","","","","","","00000000","","EGGS","EGGS, TABLE - PRICE RECEIVED, MEASURED IN $ / DOZEN","TOTAL","NOT SPECIFIED","0.625",""
"SURVEY","2010","DEC","","NATIONAL","US TOTAL","","","","","","","","00000000","","EGGS","EGGS, TABLE - PRICE RECEIVED, MEASURED IN $ / DOZEN","TOTAL","NOT SPECIFIED","0.919",""
"SURVEY","2010","FEB","","NATIONAL","US TOTAL","","","","","","","","00000000","","EGGS","EGGS, TABLE - PRICE RECEIVED, MEASURED IN $ / DOZEN","TOTAL","NOT SPECIFIED","0.775",""
"SURVEY","2010","JAN","","NATIONAL","US TOTAL","","","","","","","","00000000","","EGGS","EGGS, TABLE - PRICE RECEIVED, MEASURED IN $ / DOZEN","TOTAL","NOT SPECIFIED","0.906",""
"SURVEY","2010","JUL","","NATIONAL","US TOTAL","","","","","","","","00000000","","EGGS","EGGS, TABLE - PRICE RECEIVED, MEASURED IN $ / DOZEN","TOTAL","NOT SPECIFIED","0.528",""
"SURVEY","2010","JUN","","NATIONAL","US TOTAL","","","","","","","","00000000","","EGGS","EGGS, TABLE - PRICE RECEIVED, MEASURED IN $ / DOZEN","TOTAL","NOT SPECIFIED","0.423",""
"SURVEY","2010","MAR","","NATIONAL","US TOTAL","","","","","","","","00000000","","EGGS","EGGS, TABLE - PRICE RECEIVED, MEASURED IN $ / DOZEN","TOTAL","NOT SPECIFIED","1.06",""
"SURVEY","2010","MAY","","NATIONAL","US TOTAL","","","","","","","","00000000","","EGGS","EGGS, TABLE - PRICE RECEIVED, MEASURED IN $ / DOZEN","TOTAL","NOT SPECIFIED","0.442",""
"SURVEY","2010","NOV","","NATIONAL","US TOTAL","","","","","","","","00000000","","EGGS","EGGS, TABLE - PRICE RECEIVED, MEASURED IN $ / DOZEN","TOTAL","NOT SPECIFIED","1.02",""
"SURVEY","2010","OCT","","NATIONAL","US TOTAL","","","","","","","","00000000","","EGGS","EGGS, TABLE - PRICE RECEIVED, MEASURED IN $ / DOZEN","TOTAL","NOT SPECIFIED","0.655",""
"SURVEY","2010","SEP","","NATIONAL","US TOTAL","","","","","","","","00000000","","EGGS","EGGS, TABLE - PRICE RECEIVED, MEASURED IN $ / DOZEN","TOTAL","NOT SPECIFIED","0.447",""
"SURVEY","2009","APR","","NATIONAL","US TOTAL","","","","","","","","00000000","","EGGS","EGGS, TABLE - PRICE RECEIVED, MEASURED IN $ / DOZEN","TOTAL","NOT SPECIFIED","0.774",""
"SURVEY","2009","AUG","","NATIONAL","US TOTAL","","","","","","","","00000000","","EGGS","EGGS, TABLE - PRICE RECEIVED, MEASURED IN $ / DOZEN","TOTAL","NOT SPECIFIED","0.585",""
"SURVEY","2009","DEC","","NATIONAL","US TOTAL","","","","","","","","00000000","","EGGS","EGGS, TABLE - PRICE RECEIVED, MEASURED IN $ / DOZEN","TOTAL","NOT SPECIFIED","0.944",""
"SURVEY","2009","FEB","","NATIONAL","US TOTAL","","","","","","","","00000000","","EGGS","EGGS, TABLE - PRICE RECEIVED, MEASURED IN $ / DOZEN","TOTAL","NOT SPECIFIED","0.642",""
"SURVEY","2009","JAN","","NATIONAL","US TOTAL","","","","","","","","00000000","","EGGS","EGGS, TABLE - PRICE RECEIVED, MEASURED IN $ / DOZEN","TOTAL","NOT SPECIFIED","0.901",""
"SURVEY","2009","JUL","","NATIONAL","US TOTAL","","","","","","","","00000000","","EGGS","EGGS, TABLE - PRICE RECEIVED, MEASURED IN $ / DOZEN","TOTAL","NOT SPECIFIED","0.524",""
"SURVEY","2009","JUN","","NATIONAL","US TOTAL","","","","","","","","00000000","","EGGS","EGGS, TABLE - PRICE RECEIVED, MEASURED IN $ / DOZEN","TOTAL","NOT SPECIFIED","0.389",""
"SURVEY","2009","MAR","","NATIONAL","US TOTAL","","","","","","","","00000000","","EGGS","EGGS, TABLE - PRICE RECEIVED, MEASURED IN $ / DOZEN","TOTAL","NOT SPECIFIED","0.647",""
"SURVEY","2009","MAY","","NATIONAL","US TOTAL","","","","","","","","00000000","","EGGS","EGGS, TABLE - PRICE RECEIVED, MEASURED IN $ / DOZEN","TOTAL","NOT SPECIFIED","0.417",""
"SURVEY","2009","NOV","","NATIONAL","US TOTAL","","","","","","","","00000000","","EGGS","EGGS, TABLE - PRICE RECEIVED, MEASURED IN $ / DOZEN","TOTAL","NOT SPECIFIED","0.884",""
"SURVEY","2009","OCT","","NATIONAL","US TOTAL","","","","","","","","00000000","","EGGS","EGGS, TABLE - PRICE RECEIVED, MEASURED IN $ / DOZEN","TOTAL","NOT SPECIFIED","0.638",""
"SURVEY","2009","SEP","","NATIONAL","US TOTAL","","","","","","","","00000000","","EGGS","EGGS, TABLE - PRICE RECEIVED, MEASURED IN $ / DOZEN","TOTAL","NOT SPECIFIED","0.571",""
"SURVEY","2008","APR","","NATIONAL","US TOTAL","","","","","","","","00000000","","EGGS","EGGS, TABLE - PRICE RECEIVED, MEASURED IN $ / DOZEN","TOTAL","NOT SPECIFIED","0.89",""
"SURVEY","2008","AUG","","NATIONAL","US TOTAL","","","","","","","","00000000","","EGGS","EGGS, TABLE - PRICE RECEIVED, MEASURED IN $ / DOZEN","TOTAL","NOT SPECIFIED","0.82",""
"SURVEY","2008","DEC","","NATIONAL","US TOTAL","","","","","","","","00000000","","EGGS","EGGS, TABLE - PRICE RECEIVED, MEASURED IN $ / DOZEN","TOTAL","NOT SPECIFIED","0.864",""
"SURVEY","2008","FEB","","NATIONAL","US TOTAL","","","","","","","","00000000","","EGGS","EGGS, TABLE - PRICE RECEIVED, MEASURED IN $ / DOZEN","TOTAL","NOT SPECIFIED","1.23",""
"SURVEY","2008","JAN","","NATIONAL","US TOTAL","","","","","","","","00000000","","EGGS","EGGS, TABLE - PRICE RECEIVED, MEASURED IN $ / DOZEN","TOTAL","NOT SPECIFIED","1.21",""
"SURVEY","2008","JUL","","NATIONAL","US TOTAL","","","","","","","","00000000","","EGGS","EGGS, TABLE - PRICE RECEIVED, MEASURED IN $ / DOZEN","TOTAL","NOT SPECIFIED","0.676",""
"SURVEY","2008","JUN","","NATIONAL","US TOTAL","","","","","","","","00000000","","EGGS","EGGS, TABLE - PRICE RECEIVED, MEASURED IN $ / DOZEN","TOTAL","NOT SPECIFIED","0.93",""
"SURVEY","2008","MAR","","NATIONAL","US TOTAL","","","","","","","","00000000","","EGGS","EGGS, TABLE - PRICE RECEIVED, MEASURED IN $ / DOZEN","TOTAL","NOT SPECIFIED","1.3",""
"SURVEY","2008","MAY","","NATIONAL","US TOTAL","","","","","","","","00000000","","EGGS","EGGS, TABLE - PRICE RECEIVED, MEASURED IN $ / DOZEN","TOTAL","NOT SPECIFIED","0.702",""
"SURVEY","2008","NOV","","NATIONAL","US TOTAL","","","","","","","","00000000","","EGGS","EGGS, TABLE - PRICE RECEIVED, MEASURED IN $ / DOZEN","TOTAL","NOT SPECIFIED","0.9",""
"SURVEY","2008","OCT","","NATIONAL","US TOTAL","","","","","","","","00000000","","EGGS","EGGS, TABLE - PRICE RECEIVED, MEASURED IN $ / DOZEN","TOTAL","NOT SPECIFIED","0.892",""
"SURVEY","2008","SEP","","NATIONAL","US TOTAL","","","","","","","","00000000","","EGGS","EGGS, TABLE - PRICE RECEIVED, MEASURED IN $ / DOZEN","TOTAL","NOT SPECIFIED","0.861",""
"SURVEY","2007","APR","","NATIONAL","US TOTAL","","","","","","","","00000000","","EGGS","EGGS, TABLE - PRICE RECEIVED, MEASURED IN $ / DOZEN","TOTAL","NOT SPECIFIED","0.561",""
"SURVEY","2007","AUG","","NATIONAL","US TOTAL","","","","","","","","00000000","","EGGS","EGGS, TABLE - PRICE RECEIVED, MEASURED IN $ / DOZEN","TOTAL","NOT SPECIFIED","0.722",""
"SURVEY","2007","DEC","","NATIONAL","US TOTAL","","","","","","","","00000000","","EGGS","EGGS, TABLE - PRICE RECEIVED, MEASURED IN $ / DOZEN","TOTAL","NOT SPECIFIED","1.28",""
"SURVEY","2007","FEB","","NATIONAL","US TOTAL","","","","","","","","00000000","","EGGS","EGGS, TABLE - PRICE RECEIVED, MEASURED IN $ / DOZEN","TOTAL","NOT SPECIFIED","0.629",""
"SURVEY","2007","JAN","","NATIONAL","US TOTAL","","","","","","","","00000000","","EGGS","EGGS, TABLE - PRICE RECEIVED, MEASURED IN $ / DOZEN","TOTAL","NOT SPECIFIED","0.787",""
"SURVEY","2007","JUL","","NATIONAL","US TOTAL","","","","","","","","00000000","","EGGS","EGGS, TABLE - PRICE RECEIVED, MEASURED IN $ / DOZEN","TOTAL","NOT SPECIFIED","0.814",""
"SURVEY","2007","JUN","","NATIONAL","US TOTAL","","","","","","","","00000000","","EGGS","EGGS, TABLE - PRICE RECEIVED, MEASURED IN $ / DOZEN","TOTAL","NOT SPECIFIED","0.499",""
"SURVEY","2007","MAR","","NATIONAL","US TOTAL","","","","","","","","00000000","","EGGS","EGGS, TABLE - PRICE RECEIVED, MEASURED IN $ / DOZEN","TOTAL","NOT SPECIFIED","0.684",""
"SURVEY","2007","MAY","","NATIONAL","US TOTAL","","","","","","","","00000000","","EGGS","EGGS, TABLE - PRICE RECEIVED, MEASURED IN $ / DOZEN","TOTAL","NOT SPECIFIED","0.618",""
"SURVEY","2007","NOV","","NATIONAL","US TOTAL","","","","","","","","00000000","","EGGS","EGGS, TABLE - PRICE RECEIVED, MEASURED IN $ / DOZEN","TOTAL","NOT SPECIFIED","1.19",""
"SURVEY","2007","OCT","","NATIONAL","US TOTAL","","","","","","","","00000000","","EGGS","EGGS, TABLE - PRICE RECEIVED, MEASURED IN $ / DOZEN","TOTAL","NOT SPECIFIED","0.806",""
"SURVEY","2007","SEP","","NATIONAL","US TOTAL","","","","","","","","00000000","","EGGS","EGGS, TABLE - PRICE RECEIVED, MEASURED IN $ / DOZEN","TOTAL","NOT SPECIFIED","0.961",""
"SURVEY","2006","APR","","NATIONAL","US TOTAL","","","","","","","","00000000","","EGGS","EGGS, TABLE - PRICE RECEIVED, MEASURED IN $ / DOZEN","TOTAL","NOT SPECIFIED","0.322",""
"SURVEY","2006","AUG","","NATIONAL","US TOTAL","","","","","","","","00000000","","EGGS","EGGS, TABLE - PRICE RECEIVED, MEASURED IN $ / DOZEN","TOTAL","NOT SPECIFIED","0.395",""
"SURVEY","2006","DEC","","NATIONAL","US TOTAL","","","","","","","","00000000","","EGGS","EGGS, TABLE - PRICE RECEIVED, MEASURED IN $ / DOZEN","TOTAL","NOT SPECIFIED","0.671",""
"SURVEY","2006","FEB","","NATIONAL","US TOTAL","","","","","","","","00000000","","EGGS","EGGS, TABLE - PRICE RECEIVED, MEASURED IN $ / DOZEN","TOTAL","NOT SPECIFIED","0.299",""
"SURVEY","2006","JAN","","NATIONAL","US TOTAL","","","","","","","","00000000","","EGGS","EGGS, TABLE - PRICE RECEIVED, MEASURED IN $ / DOZEN","TOTAL","NOT SPECIFIED","0.437",""
"SURVEY","2006","JUL","","NATIONAL","US TOTAL","","","","","","","","00000000","","EGGS","EGGS, TABLE - PRICE RECEIVED, MEASURED IN $ / DOZEN","TOTAL","NOT SPECIFIED","0.253",""
"SURVEY","2006","JUN","","NATIONAL","US TOTAL","","","","","","","","00000000","","EGGS","EGGS, TABLE - PRICE RECEIVED, MEASURED IN $ / DOZEN","TOTAL","NOT SPECIFIED","0.376",""
"SURVEY","2006","MAR","","NATIONAL","US TOTAL","","","","","","","","00000000","","EGGS","EGGS, TABLE - PRICE RECEIVED, MEASURED IN $ / DOZEN","TOTAL","NOT SPECIFIED","0.496",""
"SURVEY","2006","MAY","","NATIONAL","US TOTAL","","","","","","","","00000000","","EGGS","EGGS, TABLE - PRICE RECEIVED, MEASURED IN $ / DOZEN","TOTAL","NOT SPECIFIED","0.236",""
"SURVEY","2006","NOV","","NATIONAL","US TOTAL","","","","","","","","00000000","","EGGS","EGGS, TABLE - PRICE RECEIVED, MEASURED IN $ / DOZEN","TOTAL","NOT SPECIFIED","0.678",""
"SURVEY","2006","OCT","","NATIONAL","US TOTAL","","","","","","","","00000000","","EGGS","EGGS, TABLE - PRICE RECEIVED, MEASURED IN $ / DOZEN","TOTAL","NOT SPECIFIED","0.389",""
"SURVEY","2006","SEP","","NATIONAL","US TOTAL","","","","","","","","00000000","","EGGS","EGGS, TABLE - PRICE RECEIVED, MEASURED IN $ / DOZEN","TOTAL","NOT SPECIFIED","0.377",""
"SURVEY","2005","APR","","NATIONAL","US TOTAL","","","","","","","","00000000","","EGGS","EGGS, TABLE - PRICE RECEIVED, MEASURED IN $ / DOZEN","TOTAL","NOT SPECIFIED","0.268",""
"SURVEY","2005","AUG","","NATIONAL","US TOTAL","","","","","","","","00000000","","EGGS","EGGS, TABLE - PRICE RECEIVED, MEASURED IN $ / DOZEN","TOTAL","NOT SPECIFIED","0.266",""
"SURVEY","2005","DEC","","NATIONAL","US TOTAL","","","","","","","","00000000","","EGGS","EGGS, TABLE - PRICE RECEIVED, MEASURED IN $ / DOZEN","TOTAL","NOT SPECIFIED","0.561",""
"SURVEY","2005","FEB","","NATIONAL","US TOTAL","","","","","","","","00000000","","EGGS","EGGS, TABLE - PRICE RECEIVED, MEASURED IN $ / DOZEN","TOTAL","NOT SPECIFIED","0.362",""
"SURVEY","2005","JAN","","NATIONAL","US TOTAL","","","","","","","","00000000","","EGGS","EGGS, TABLE - PRICE RECEIVED, MEASURED IN $ / DOZEN","TOTAL","NOT SPECIFIED","0.375",""
"SURVEY","2005","JUL","","NATIONAL","US TOTAL","","","","","","","","00000000","","EGGS","EGGS, TABLE - PRICE RECEIVED, MEASURED IN $ / DOZEN","TOTAL","NOT SPECIFIED","0.329",""
"SURVEY","2005","JUN","","NATIONAL","US TOTAL","","","","","","","","00000000","","EGGS","EGGS, TABLE - PRICE RECEIVED, MEASURED IN $ / DOZEN","TOTAL","NOT SPECIFIED","0.24",""
"SURVEY","2005","MAR","","NATIONAL","US TOTAL","","","","","","","","00000000","","EGGS","EGGS, TABLE - PRICE RECEIVED, MEASURED IN $ / DOZEN","TOTAL","NOT SPECIFIED","0.332",""
"SURVEY","2005","MAY","","NATIONAL","US TOTAL","","","","","","","","00000000","","EGGS","EGGS, TABLE - PRICE RECEIVED, MEASURED IN $ / DOZEN","TOTAL","NOT SPECIFIED","0.244",""
"SURVEY","2005","NOV","","NATIONAL","US TOTAL","","","","","","","","00000000","","EGGS","EGGS, TABLE - PRICE RECEIVED, MEASURED IN $ / DOZEN","TOTAL","NOT SPECIFIED","0.485",""
"SURVEY","2005","OCT","","NATIONAL","US TOTAL","","","","","","","","00000000","","EGGS","EGGS, TABLE - PRICE RECEIVED, MEASURED IN $ / DOZEN","TOTAL","NOT SPECIFIED","0.317",""
"SURVEY","2005","SEP","","NATIONAL","US TOTAL","","","","","","","","00000000","","EGGS","EGGS, TABLE - PRICE RECEIVED, MEASURED IN $ / DOZEN","TOTAL","NOT SPECIFIED","0.461",""
"SURVEY","2004","APR","","NATIONAL","US TOTAL","","","","","","","","00000000","","EGGS","EGGS, TABLE - PRICE RECEIVED, MEASURED IN $ / DOZEN","TOTAL","NOT SPECIFIED","0.619",""
"SURVEY","2004","AUG","","NATIONAL","US TOTAL","","","","","","","","00000000","","EGGS","EGGS, TABLE - PRICE RECEIVED, MEASURED IN $ / DOZEN","TOTAL","NOT SPECIFIED","0.338",""
"SURVEY","2004","DEC","","NATIONAL","US TOTAL","","","","","","","","00000000","","EGGS","EGGS, TABLE - PRICE RECEIVED, MEASURED IN $ / DOZEN","TOTAL","NOT SPECIFIED","0.488",""
"SURVEY","2004","FEB","","NATIONAL","US TOTAL","","","","","","","","00000000","","EGGS","EGGS, TABLE - PRICE RECEIVED, MEASURED IN $ / DOZEN","TOTAL","NOT SPECIFIED","0.749",""
"SURVEY","2004","JAN","","NATIONAL","US TOTAL","","","","","","","","00000000","","EGGS","EGGS, TABLE - PRICE RECEIVED, MEASURED IN $ / DOZEN","TOTAL","NOT SPECIFIED","0.81",""
"SURVEY","2004","JUL","","NATIONAL","US TOTAL","","","","","","","","00000000","","EGGS","EGGS, TABLE - PRICE RECEIVED, MEASURED IN $ / DOZEN","TOTAL","NOT SPECIFIED","0.404",""
"SURVEY","2004","JUN","","NATIONAL","US TOTAL","","","","","","","","00000000","","EGGS","EGGS, TABLE - PRICE RECEIVED, MEASURED IN $ / DOZEN","TOTAL","NOT SPECIFIED","0.498",""
"SURVEY","2004","MAR","","NATIONAL","US TOTAL","","","","","","","","00000000","","EGGS","EGGS, TABLE - PRICE RECEIVED, MEASURED IN $ / DOZEN","TOTAL","NOT SPECIFIED","1",""
"SURVEY","2004","MAY","","NATIONAL","US TOTAL","","","","","","","","00000000","","EGGS","EGGS, TABLE - PRICE RECEIVED, MEASURED IN $ / DOZEN","TOTAL","NOT SPECIFIED","0.472",""
"SURVEY","2004","NOV","","NATIONAL","US TOTAL","","","","","","","","00000000","","EGGS","EGGS, TABLE - PRICE RECEIVED, MEASURED IN $ / DOZEN","TOTAL","NOT SPECIFIED","0.437",""
"SURVEY","2004","OCT","","NATIONAL","US TOTAL","","","","","","","","00000000","","EGGS","EGGS, TABLE - PRICE RECEIVED, MEASURED IN $ / DOZEN","TOTAL","NOT SPECIFIED","0.306",""
"SURVEY","2004","SEP","","NATIONAL","US TOTAL","","","","","","","","00000000","","EGGS","EGGS, TABLE - PRICE RECEIVED, MEASURED IN $ / DOZEN","TOTAL","NOT SPECIFIED","0.354",""
"SURVEY","2003","APR","","NATIONAL","US TOTAL","","","","","","","","00000000","","EGGS","EGGS, TABLE - PRICE RECEIVED, MEASURED IN $ / DOZEN","TOTAL","NOT SPECIFIED","0.518",""
"SURVEY","2003","AUG","","NATIONAL","US TOTAL","","","","","","","","00000000","","EGGS","EGGS, TABLE - PRICE RECEIVED, MEASURED IN $ / DOZEN","TOTAL","NOT SPECIFIED","0.667",""
"SURVEY","2003","DEC","","NATIONAL","US TOTAL","","","","","","","","00000000","","EGGS","EGGS, TABLE - PRICE RECEIVED, MEASURED IN $ / DOZEN","TOTAL","NOT SPECIFIED","0.738",""
"SURVEY","2003","FEB","","NATIONAL","US TOTAL","","","","","","","","00000000","","EGGS","EGGS, TABLE - PRICE RECEIVED, MEASURED IN $ / DOZEN","TOTAL","NOT SPECIFIED","0.463",""
"SURVEY","2003","JAN","","NATIONAL","US TOTAL","","","","","","","","00000000","","EGGS","EGGS, TABLE - PRICE RECEIVED, MEASURED IN $ / DOZEN","TOTAL","NOT SPECIFIED","0.528",""
"SURVEY","2003","JUL","","NATIONAL","US TOTAL","","","","","","","","00000000","","EGGS","EGGS, TABLE - PRICE RECEIVED, MEASURED IN $ / DOZEN","TOTAL","NOT SPECIFIED","0.524",""
"SURVEY","2003","JUN","","NATIONAL","US TOTAL","","","","","","","","00000000","","EGGS","EGGS, TABLE - PRICE RECEIVED, MEASURED IN $ / DOZEN","TOTAL","NOT SPECIFIED","0.501",""
"SURVEY","2003","MAR","","NATIONAL","US TOTAL","","","","","","","","00000000","","EGGS","EGGS, TABLE - PRICE RECEIVED, MEASURED IN $ / DOZEN","TOTAL","NOT SPECIFIED","0.518",""
"SURVEY","2003","MAY","","NATIONAL","US TOTAL","","","","","","","","00000000","","EGGS","EGGS, TABLE - PRICE RECEIVED, MEASURED IN $ / DOZEN","TOTAL","NOT SPECIFIED","0.397",""
"SURVEY","2003","NOV","","NATIONAL","US TOTAL","","","","","","","","00000000","","EGGS","EGGS, TABLE - PRICE RECEIVED, MEASURED IN $ / DOZEN","TOTAL","NOT SPECIFIED","0.925",""
"SURVEY","2003","OCT","","NATIONAL","US TOTAL","","","","","","","","00000000","","EGGS","EGGS, TABLE - PRICE RECEIVED, MEASURED IN $ / DOZEN","TOTAL","NOT SPECIFIED","0.706",""
"SURVEY","2003","SEP","","NATIONAL","US TOTAL","","","","","","","","00000000","","EGGS","EGGS, TABLE - PRICE RECEIVED, MEASURED IN $ / DOZEN","TOTAL","NOT SPECIFIED","0.633",""
"SURVEY","2002","APR","","NATIONAL","US TOTAL","","","","","","","","00000000","","EGGS","EGGS, TABLE - PRICE RECEIVED, MEASURED IN $ / DOZEN","TOTAL","NOT SPECIFIED","0.326",""
"SURVEY","2002","AUG","","NATIONAL","US TOTAL","","","","","","","","00000000","","EGGS","EGGS, TABLE - PRICE RECEIVED, MEASURED IN $ / DOZEN","TOTAL","NOT SPECIFIED","0.436",""
"SURVEY","2002","DEC","","NATIONAL","US TOTAL","","","","","","","","00000000","","EGGS","EGGS, TABLE - PRICE RECEIVED, MEASURED IN $ / DOZEN","TOTAL","NOT SPECIFIED","0.518",""
"SURVEY","2002","FEB","","NATIONAL","US TOTAL","","","","","","","","00000000","","EGGS","EGGS, TABLE - PRICE RECEIVED, MEASURED IN $ / DOZEN","TOTAL","NOT SPECIFIED","0.368",""
"SURVEY","2002","JAN","","NATIONAL","US TOTAL","","","","","","","","00000000","","EGGS","EGGS, TABLE - PRICE RECEIVED, MEASURED IN $ / DOZEN","TOTAL","NOT SPECIFIED","0.552",""
"SURVEY","2002","JUL","","NATIONAL","US TOTAL","","","","","","","","00000000","","EGGS","EGGS, TABLE - PRICE RECEIVED, MEASURED IN $ / DOZEN","TOTAL","NOT SPECIFIED","0.38",""
"SURVEY","2002","JUN","","NATIONAL","US TOTAL","","","","","","","","00000000","","EGGS","EGGS, TABLE - PRICE RECEIVED, MEASURED IN $ / DOZEN","TOTAL","NOT SPECIFIED","0.442",""
"SURVEY","2002","MAR","","NATIONAL","US TOTAL","","","","","","","","00000000","","EGGS","EGGS, TABLE - PRICE RECEIVED, MEASURED IN $ / DOZEN","TOTAL","NOT SPECIFIED","0.513",""
"SURVEY","2002","MAY","","NATIONAL","US TOTAL","","","","","","","","00000000","","EGGS","EGGS, TABLE - PRICE RECEIVED, MEASURED IN $ / DOZEN","TOTAL","NOT SPECIFIED","0.302",""
"SURVEY","2002","NOV","","NATIONAL","US TOTAL","","","","","","","","00000000","","EGGS","EGGS, TABLE - PRICE RECEIVED, MEASURED IN $ / DOZEN","TOTAL","NOT SPECIFIED","0.559",""
"SURVEY","2002","OCT","","NATIONAL","US TOTAL","","","","","","","","00000000","","EGGS","EGGS, TABLE - PRICE RECEIVED, MEASURED IN $ / DOZEN","TOTAL","NOT SPECIFIED","0.352",""
"SURVEY","2002","SEP","","NATIONAL","US TOTAL","","","","","","","","00000000","","EGGS","EGGS, TABLE - PRICE RECEIVED, MEASURED IN $ / DOZEN","TOTAL","NOT SPECIFIED","0.392",""
"SURVEY","2001","APR","","NATIONAL","US TOTAL","","","","","","","","00000000","","EGGS","EGGS, TABLE - PRICE RECEIVED, MEASURED IN $ / DOZEN","TOTAL","NOT SPECIFIED","0.484",""
"SURVEY","2001","AUG","","NATIONAL","US TOTAL","","","","","","","","00000000","","EGGS","EGGS, TABLE - PRICE RECEIVED, MEASURED IN $ / DOZEN","TOTAL","NOT SPECIFIED","0.388",""
"SURVEY","2001","DEC","","NATIONAL","US TOTAL","","","","","","","","00000000","","EGGS","EGGS, TABLE - PRICE RECEIVED, MEASURED IN $ / DOZEN","TOTAL","NOT SPECIFIED","0.506",""
"SURVEY","2001","FEB","","NATIONAL","US TOTAL","","","","","","","","00000000","","EGGS","EGGS, TABLE - PRICE RECEIVED, MEASURED IN $ / DOZEN","TOTAL","NOT SPECIFIED","0.501",""
"SURVEY","2001","JAN","","NATIONAL","US TOTAL","","","","","","","","00000000","","EGGS","EGGS, TABLE - PRICE RECEIVED, MEASURED IN $ / DOZEN","TOTAL","NOT SPECIFIED","0.507",""
"SURVEY","2001","JUL","","NATIONAL","US TOTAL","","","","","","","","00000000","","EGGS","EGGS, TABLE - PRICE RECEIVED, MEASURED IN $ / DOZEN","TOTAL","NOT SPECIFIED","0.353",""
"SURVEY","2001","JUN","","NATIONAL","US TOTAL","","","","","","","","00000000","","EGGS","EGGS, TABLE - PRICE RECEIVED, MEASURED IN $ / DOZEN","TOTAL","NOT SPECIFIED","0.362",""
"SURVEY","2001","MAR","","NATIONAL","US TOTAL","","","","","","","","00000000","","EGGS","EGGS, TABLE - PRICE RECEIVED, MEASURED IN $ / DOZEN","TOTAL","NOT SPECIFIED","0.517",""
"SURVEY","2001","MAY","","NATIONAL","US TOTAL","","","","","","","","00000000","","EGGS","EGGS, TABLE - PRICE RECEIVED, MEASURED IN $ / DOZEN","TOTAL","NOT SPECIFIED","0.365",""
"SURVEY","2001","NOV","","NATIONAL","US TOTAL","","","","","","","","00000000","","EGGS","EGGS, TABLE - PRICE RECEIVED, MEASURED IN $ / DOZEN","TOTAL","NOT SPECIFIED","0.486",""
"SURVEY","2001","OCT","","NATIONAL","US TOTAL","","","","","","","","00000000","","EGGS","EGGS, TABLE - PRICE RECEIVED, MEASURED IN $ / DOZEN","TOTAL","NOT SPECIFIED","0.43",""
"SURVEY","2001","SEP","","NATIONAL","US TOTAL","","","","","","","","00000000","","EGGS","EGGS, TABLE - PRICE RECEIVED, MEASURED IN $ / DOZEN","TOTAL","NOT SPECIFIED","0.377",""
"SURVEY","2000","DEC","","NATIONAL","US TOTAL","","","","","","","","00000000","","EGGS","EGGS, TABLE - PRICE RECEIVED, MEASURED IN $ / DOZEN","TOTAL","NOT SPECIFIED","0.674",""
